Model,Scenario,Region,Variable,Unit,1750,1751,1752,1753,1754,1755,1756,1757,1758,1759,1760,1761,1762,1763,1764,1765,1766,1767,1768,1769,1770,1771,1772,1773,1774,1775,1776,1777,1778,1779,1780,1781,1782,1783,1784,1785,1786,1787,1788,1789,1790,1791,1792,1793,1794,1795,1796,1797,1798,1799,1800,1801,1802,1803,1804,1805,1806,1807,1808,1809,1810,1811,1812,1813,1814,1815,1816,1817,1818,1819,1820,1821,1822,1823,1824,1825,1826,1827,1828,1829,1830,1831,1832,1833,1834,1835,1836,1837,1838,1839,1840,1841,1842,1843,1844,1845,1846,1847,1848,1849,1850,1851,1852,1853,1854,1855,1856,1857,1858,1859,1860,1861,1862,1863,1864,1865,1866,1867,1868,1869,1870,1871,1872,1873,1874,1875,1876,1877,1878,1879,1880,1881,1882,1883,1884,1885,1886,1887,1888,1889,1890,1891,1892,1893,1894,1895,1896,1897,1898,1899,1900,1901,1902,1903,1904,1905,1906,1907,1908,1909,1910,1911,1912,1913,1914,1915,1916,1917,1918,1919,1920,1921,1922,1923,1924,1925,1926,1927,1928,1929,1930,1931,1932,1933,1934,1935,1936,1937,1938,1939,1940,1941,1942,1943,1944,1945,1946,1947,1948,1949,1950,1951,1952,1953,1954,1955,1956,1957,1958,1959,1960,1961,1962,1963,1964,1965,1966,1967,1968,1969,1970,1971,1972,1973,1974,1975,1976,1977,1978,1979,1980,1981,1982,1983,1984,1985,1986,1987,1988,1989,1990,1991,1992,1993,1994,1995,1996,1997,1998,1999,2000,2001,2002,2003,2004,2005,2006,2007,2008,2009,2010,2011,2012,2013,2014,2015
history,scen,World,AR6 climate diagnostics|Emissions|BC|Unharmonized,Mt BC/yr,2.097770755,2.072925926,2.064311933,2.071950564,2.099349783,2.099173165,2.068915407,2.147923676,2.12061141,2.117267431,2.127804105,2.137756989,2.101748109,2.107029758,2.071549227,2.123600022,2.110459977,2.112460701,2.18313204,2.137633742,2.139364739,2.100909701,2.087077541,2.092755603,2.154900741,2.148996597,2.112143132,2.170244784,2.198001402,2.159615777,2.189267588,2.1894412,2.160522701,2.15072559,2.140542212,2.165839691,2.158683485,2.185179294,2.255223484,2.207664632,2.216436996,2.172583556,2.161650793,2.153273834,2.213843116,2.202692273,2.153154616,2.213475036,2.234056283,2.207292165,2.215974055,2.21940169,2.202692661,2.180015828,2.197298087,2.215042398,2.222822585,2.239871982,2.311936484,2.26744264,2.279523716,2.252530236,2.228006935,2.231996859,2.291579691,2.287324694,2.261022,2.296180569,2.335490105,2.304129482,2.321048766,2.333483777,2.302515118,2.282471765,2.310947811,2.322703112,2.320968834,2.346337782,2.420774153,2.379376332,2.403159831,2.361347125,2.353863299,2.356959381,2.412445466,2.405456375,2.404187956,2.440210174,2.477311746,2.452638138,2.443877522,2.490489852,2.449170469,2.411136271,2.443825896,2.471371875,2.471198742,2.521115228,2.5773718,2.552394089,2.571124479,2.526692589,2.50763416,2.527811743,2.610048543,2.593264313,2.573430007,2.636452577,2.660122642,2.64820325,2.648404731,2.670268663,2.648564983,2.629269514,2.667755634,2.720201066,2.710298337,2.761022671,2.825140562,2.785004317,2.831200782,2.797830347,2.771292694,2.841633848,2.86805891,2.833489105,2.843125267,2.881579173,2.905036494,2.92925864,2.921172062,2.962877226,2.944345851,2.918084088,2.97815874,2.987658653,3.000148376,3.044590075,3.123484052,3.104668338,3.159194949,3.125180696,3.110528365,3.125430895,3.205110618,3.216163845,3.170768747,3.268702112,3.296870259,3.355831345,3.361821037,3.382952935,3.38154147,3.389386332,3.4640583,3.525334738,3.54932448,3.674457368,3.67587664,3.690048662,3.767608107,3.725917532,3.709100468,3.787939036,3.764418792,3.722337783,3.744207069,3.826396856,3.83059738,3.722641135,3.813010121,3.661222702,3.658333723,3.88124621,3.774809016,3.790606982,3.724383638,3.850357382,3.828134932,3.890215994,3.907622806,3.699193086,3.701120519,3.673991696,3.817622407,3.826763235,3.972008023,3.977215074,3.879546431,4.010820601,4.026253626,4.050294267,4.114193284,4.114085782,4.111269896,3.970406317,3.971696435,4.004289599,4.123520873,4.095746551,4.331260791,4.212336067,4.278249967,4.400134891,4.475107773,4.585745112,4.844401489,5.084522572,5.060488043,5.186762349,5.288213084,5.280187775,5.268371109,5.437875743,5.259909465,5.270010253,5.285174796,5.390458849,5.370373092,5.404091613,5.549708797,5.703748992,5.971153375,5.895831576,5.971643938,5.998431374,6.237496532,6.353178768,6.579044818,6.677231649,6.618387125,6.57778223,6.915258578,6.625402214,6.815018955,6.922761989,7.013703662,7.200139154,7.39663506,7.320233668,7.508271532,8.011536269,7.364888993,7.531122847,7.895732734,7.813189501,7.686339551,8.269788743,8.412226876,7.698162125,7.457347232,7.591758769,8.046474187,8.241697598,8.542465507,8.840128386,8.92564815,9.284494092,9.091850914,9.109514002,9.665129376,9.478876566,9.705285171,9.560553735,9.744379658,9.727423577
history,scen,World,AR6 climate diagnostics|Emissions|PFC|C2F6|Unharmonized,kt C2F6/yr,0,0,0,0,0,0,0,0,0,0,0,0,0,0,0,0,0,0,0,0,0,0,0,0,0,0,0,0,0,0,0,0,0,0,0,0,0,0,0,0,0,0,0,0,0,0,0,0,0,0,0,0,0,0,0,0,0,0,0,0,0,0,0,0,0,0,0,0,0,0,0,0,0,0,0,0,0,0,0,0,0,0,0,0,0,0,0,0,0,0,0,0,0,0,0,0,0,0,1.49E-05,0.000119564,0.000224737,0.000240827,0.000241799,0.00024278,0.000244056,0.000245478,0.000247046,0.00024876,0.00025062,0.000252626,0.000254779,0.000257078,0.000259523,0.000262115,0.000264852,0.000267736,0.000270766,0.000273942,0.000277265,0.000280734,0.000284349,0.000288111,0.000292019,0.000296073,0.000300274,0.000304621,0.000309115,0.000313755,0.000318542,0.000323475,0.000328554,0.000333779,0.000339151,0.000344675,0.000350339,0.000356149,0.000362105,0.000368211,0.000374464,0.000380862,0.000387411,0.0003941,0.000400935,0.000407922,0.000415054,0.000422331,0.00042976,0.000437329,0.000445049,0.000485673,0.002392668,0.004820097,0.005778122,0.006957613,0.009436339,0.013412831,0.018196454,0.016966195,0.021404879,0.036714367,0.042342327,0.047217079,0.055977137,0.05934571,0.064801984,0.084000629,0.10465075,0.11034348,0.10461425,0.10155164,0.071874804,0.05599481,0.10093674,0.13753371,0.14595489,0.15281139,0.16877181,0.19366311,0.2132805,0.20802541,0.17035764,0.11326202,0.085847633,0.1016274,0.15202423,0.22028466,0.28820401,0.34372195,0.39883954,0.43390074,0.50172554,0.64957282,0.84353078,0.80476688,0.41764093,0.20111842,0.27970458,0.34838359,0.33316898,0.31424196,0.32876887,0.33222262,0.32854487,0.31999622,0.29457384,0.26311875,0.22075982,0.18587639,0.17928487,0.18081021,0.17259465,0.16861102,0.17112099,0.18314033,0.20130699,0.2250418,0.26721734,0.32052973,0.40423022,0.5206411,0.6581692,0.82992065,1.0559029,1.330787,1.4191691,1.4004084,1.5554771,1.692355,1.7691766,1.9203395,1.9633226,1.7391266,1.6205522,1.8456854,1.954181,1.930951,2.0447892,2.1868179,2.2384091,2.2075539,2.1076967,1.982897,1.9500444,1.9984803,2.1430557,2.3880707,2.6638414,2.8728437,2.9899069,2.9607505,2.8153943,3.0480682,3.4534372,3.16329,2.2029533,1.9480504,2.045423,1.7666158,1.746034,1.7995507,1.7742176,1.8467555,1.794986,1.6324652,1.6517,1.57
history,scen,World,AR6 climate diagnostics|Emissions|PFC|C6F14|Unharmonized,kt C6F14/yr,0,0,0,0,0,0,0,0,0,0,0,0,0,0,0,0,0,0,0,0,0,0,0,0,0,0,0,0,0,0,0,0,0,0,0,0,0,0,0,0,0,0,0,0,0,0,0,0,0,0,0,0,0,0,0,0,0,0,0,0,0,0,0,0,0,0,0,0,0,0,0,0,0,0,0,0,0,0,0,0,0,0,0,0,0,0,0,0,0,0,0,0,0,0,0,0,0,0,0,0,0,0,0,0,0,0,0,0,0,0,0,0,0,0,0,0,0,0,0,0,0,0,0,0,0,0,0,0,0,0,0,0,0,0,0,0,0,0,0,0,0,0,0,0,0,0,0,0,0,0,0,0,0,0,0,0,0,0,0,0,0,0,0,0,0,0,0,0,0,0,0,0,0,0,0,0,0,0,0,0,0,0,0,0,0,0,0,0,0,0,0,0,0,0,0,0,0,0,0,0,0,0,0,0,0,0,0,0,0,0,0,0,0,0.000295899,0.00281424,0.006336989,0.008716991,0.010792359,0.013050028,0.015458984,0.01763153,0.020010873,0.022421127,0.024546934,0.026810495,0.028942077,0.03090111,0.03271768,0.034144544,0.046275454,0.074634329,0.097332776,0.1086024,0.13627202,0.17274509,0.23530336,0.29825896,0.35555072,0.3982747,0.44101244,0.51217022,0.56914776,0.61194046,0.66895006,0.76858745,0.83985059,0.88273034,0.92562382,0.92592158,0.91201618,0.82709043,0.71373088,0.64294415,0.57213452,0.48709882,0.4162388,0.35955902,0.28865777,0.27454623,0.26043012,0.23210626,0.23217956,0.23225285,0.23232615,0.2997,0.35
history,scen,World,AR6 climate diagnostics|Emissions|PFC|CF4|Unharmonized,kt CF4/yr,0.010071225,0.010071225,0.010071225,0.010071225,0.010071225,0.010071225,0.010071225,0.010071225,0.010071225,0.010071225,0.010071225,0.010071225,0.010071225,0.010071225,0.010071225,0.010071225,0.010071225,0.010071225,0.010071225,0.010071225,0.010071225,0.010071225,0.010071225,0.010071225,0.010071225,0.010071225,0.010071225,0.010071225,0.010071225,0.010071225,0.010071225,0.010071225,0.010071225,0.010071225,0.010071225,0.010071225,0.010071225,0.010071225,0.010071225,0.010071225,0.010071225,0.010071225,0.010071225,0.010071225,0.010071225,0.010071225,0.010071225,0.010071225,0.010070485,0.010071964,0.010071225,0.010071225,0.010071225,0.010071225,0.010071225,0.010071225,0.010071225,0.010071225,0.010071225,0.010071225,0.010071225,0.010071225,0.010071225,0.010071225,0.010071225,0.010071225,0.010071225,0.010071225,0.010071225,0.010071225,0.010071225,0.010071225,0.010071225,0.010071225,0.010071225,0.010071225,0.010071225,0.010071225,0.010071225,0.010071225,0.010071225,0.010071225,0.010071225,0.010070485,0.010071964,0.010071225,0.010071225,0.010071225,0.010071225,0.010071225,0.010071225,0.010071225,0.010070485,0.010071964,0.010071225,0.010071225,0.010071225,0.010071225,0.010070485,0.010071964,0.010071225,0.010071225,0.010071225,0.010071225,0.010071225,0.010070485,0.010071964,0.010071225,0.010071225,0.010071225,0.010810676,0.010810691,0.010071254,0.010071254,0.010071254,0.010810706,0.01081072,0.010070544,0.010072023,0.010810735,0.01081075,0.010071314,0.010810765,0.01081078,0.010810794,0.010810809,0.010810824,0.010810839,0.010810853,0.010810868,0.010810144,0.011551088,0.011550379,0.010810957,0.010810972,0.011550438,0.011550467,0.011550497,0.011550526,0.011550556,0.011550586,0.011550615,0.011550645,0.012290126,0.01229017,0.011550763,0.012290244,0.012290288,0.012290333,0.012290377,0.028558348,0.047784449,0.050743008,0.05591998,0.068491568,0.087718467,0.11138246,0.10398923,0.12765503,0.21121463,0.24301505,0.27037941,0.31844894,0.33694139,0.36726542,0.47153519,0.58467971,0.61870744,0.58914082,0.57214502,0.41169313,0.32444592,0.56921203,0.77479139,0.82730698,0.86947278,0.96266008,1.1076116,1.2252077,1.2037865,0.99750344,0.6766021,0.51911084,0.61081444,0.91252255,1.3303298,1.7570203,2.1186454,2.4891541,2.745053,3.2190952,4.2240743,5.585489,5.4576739,2.9606569,1.5076942,2.0726649,2.6369074,2.6243892,2.5926444,2.8441101,3.0430784,3.2228257,3.3863087,3.4048632,3.3346824,3.0796375,2.8571248,2.9954591,3.2476716,3.3209398,3.4304351,3.6249821,3.9881367,4.4326257,4.9089192,5.6248074,6.3547572,7.3324415,8.4831718,9.5318801,10.711494,12.24311,14.085332,14.311146,14.321042,16.011714,16.762577,16.898235,17.898313,17.664267,16.187192,15.97381,16.384525,14.927399,13.863624,14.595216,15.122737,15.295333,15.212081,14.407865,12.924815,11.907588,11.381334,11.006658,10.682998,10.505743,10.417958,10.335348,10.216505,9.9231457,10.593275,11.982167,12.579882,12.194883,11.060838,10.21735,9.3272415,9.0353429,9.6854874,10.48947,11.056837,9.6609456,8.3027436,9.8735,10.8699
history,scen,World,AR6 climate diagnostics|Emissions|CH4|Unharmonized,Mt CH4/yr,19.01978312,18.91510887,18.88971181,19.12137723,19.50906107,19.50045493,19.4625366,20.02354066,19.93400533,20.14146621,20.41679714,20.45599017,20.45168738,20.54517934,20.26091721,20.919155,20.8535919,20.99917946,21.65945211,21.49633535,21.63439757,21.4289211,21.39461572,21.59523139,22.25970773,22.20096329,22.14194213,22.56871006,22.85608093,22.82063569,23.24616665,23.24965548,23.34175812,23.37991679,23.2940423,23.80210554,23.831995,24.17652818,24.85592892,24.71707284,24.94220857,24.77843217,24.81889294,25.03153141,25.76753778,25.77334281,25.74058407,26.23006226,26.54644012,26.70648817,27.05634308,27.12488718,27.33978432,27.32049985,27.46474997,27.9507982,28.13437245,28.45865603,29.18524117,29.12865813,29.42453242,29.40578756,29.4202985,29.77847603,30.54785186,30.64433954,30.79985622,31.19839541,31.68760832,31.84544135,32.33339467,32.52138863,32.73451052,32.75571509,33.0519787,33.52533882,33.7481029,34.15505001,34.99912851,35.01640513,35.40215534,35.37418705,35.56272349,35.98083111,36.76106097,36.88278973,37.24729235,37.69980678,38.24210962,38.51117556,38.88776194,39.38162317,39.61872888,39.65326382,40.04426499,40.66967667,40.97519975,41.61647168,42.44947063,42.63396461,43.14236365,43.15191371,43.34412933,43.88435963,44.80907906,44.9570539,45.32147323,46.01300694,46.54057729,46.94962615,47.37614023,48.2346867,49.13056212,49.71022253,50.66032473,51.9800751,52.74699293,53.94102178,55.28767356,55.83359728,56.99659231,57.57401422,58.18710545,59.62016165,60.88850035,61.4471703,62.60294811,63.64524259,64.71120383,65.90279841,66.6649843,67.70670095,68.57787524,69.1859791,70.48060515,71.60546241,72.58254388,73.77743063,75.11035553,75.92960019,77.07862319,77.68229292,78.54558089,79.81501329,81.38345626,82.23116014,83.00005426,84.39253635,85.36127162,86.70543387,87.61328845,88.39116711,89.26282464,89.89074057,91.35674943,92.40132432,93.24998316,94.56080194,95.71237193,96.4666946,97.77187103,98.42938116,99.26614632,100.6125584,102.2840587,103.0579197,104.0889435,105.4397415,106.7459316,108.095107,109.1336385,109.809348,110.4858104,112.2535641,112.633506,113.6704269,114.5456303,115.74748,116.7958666,118.0199977,119.6701788,119.9075078,121.4219873,122.3437659,123.9532999,124.8946044,126.4647048,127.1823371,127.905393,129.5013568,130.1349943,132.2180939,134.7060241,136.6296869,138.9310562,141.022964,142.7064022,144.7944965,147.2720295,150.2157149,152.2010084,155.2719352,160.5733576,165.6818323,170.3710079,174.7404471,180.6711175,186.0555677,188.3855399,192.6867573,197.2611005,205.1383413,207.2122992,216.1922656,216.556163,222.6664157,226.3106958,232.3331465,235.3354027,239.1848516,244.4183955,249.2895331,257.2102054,260.294725,261.8082771,263.0585486,269.9482097,274.0301524,276.3333545,281.6000656,283.3464702,279.7894207,287.6693154,281.6176584,285.0030452,285.6752697,290.8084488,295.0485147,298.6854951,302.1641744,305.2725547,318.7311921,299.4017955,299.4425141,310.2518368,305.4095889,307.2912075,331.2889198,315.3326212,309.4083709,310.1868098,312.8963787,322.2788312,328.1242242,338.9417722,346.3955546,356.4696896,355.0225755,360.4917105,364.2003634,370.8962528,372.6576832,380.8097666,381.5943928,387.8735392,388.0727957
history,scen,World,AR6 climate diagnostics|Emissions|CO|Unharmonized,Mt CO/yr,348.5273588,343.9263672,341.8090339,343.6754562,349.8156252,348.144668,343.3231517,355.9418923,351.839749,351.5077627,354.4182853,354.7079679,349.2496972,350.0593349,342.0446107,352.9327258,349.380645,349.616099,362.6536848,355.0254185,355.3605476,347.8619883,344.6134738,345.7768091,358.103585,355.0471729,348.8985525,357.545361,362.7554135,355.9261715,361.6140422,360.0900539,356.0465546,354.2869243,350.5694963,356.8051254,354.2058773,358.7933683,371.3570923,363.4416446,364.8802164,356.6583862,354.2515376,353.3723093,365.721914,362.1921227,354.4783029,363.5482372,367.6501028,363.4860469,365.8466368,364.9170684,362.9627075,358.65078,359.528696,364.3037043,364.3432293,367.2349328,380.035272,372.8486855,374.7180119,369.2694863,364.5806875,365.9138874,377.9855417,375.5806648,371.6298228,376.4429441,383.9142096,378.3325838,382.4197483,382.8975341,378.6708004,374.3931813,377.0407114,380.3167498,378.8222655,382.4773392,395.9754325,389.1746282,392.1065329,384.2012507,382.363398,383.4537928,394.1429023,390.5551392,389.9786644,394.7565038,401.296187,396.9116369,395.8809162,402.3727418,396.9951221,389.7367809,392.7074417,397.850056,395.9082622,402.9851575,413.5582929,408.9399341,411.4628743,402.2448153,397.49852,400.3388041,413.3991315,408.1104539,404.8549167,414.6731918,419.0140236,416.2997485,416.0639966,417.2441372,414.1628066,408.1224194,411.3310643,420.489005,417.1011849,424.2969753,434.9302283,426.4036167,433.2287624,425.1606513,417.7442734,429.280289,435.80418,426.8934955,429.4805477,434.060346,437.9599498,440.8517591,437.3657275,440.9737248,436.0786301,428.2212034,436.5183492,438.1415385,437.7333269,443.1077381,452.502308,448.6908696,453.8990323,444.3827318,439.808659,443.3506558,456.6960325,453.551885,444.0944278,456.4122055,456.6037674,462.1035994,459.5444669,457.6168305,455.0261768,449.9625304,462.621765,467.4401288,466.4356479,480.3174564,482.582634,480.6894688,491.4713622,482.3736484,477.9889215,488.2676035,494.4978826,484.2476849,482.954266,492.9600448,496.2420731,490.9794171,498.8745999,486.6136242,484.8273418,514.2343951,499.0974144,502.6957688,499.0418204,515.0910884,515.8400889,527.0535755,535.0349028,504.8981345,510.1823315,508.1160121,528.033166,529.4409406,550.0398549,550.6109419,535.4268485,554.5379171,550.4654056,552.9500651,560.1841861,561.0185503,569.4275578,562.3881403,555.289963,563.4037754,586.53608,588.4410387,619.9439709,593.1994506,606.95634,623.9750548,628.9096635,641.3267253,673.806229,695.9496131,661.2854858,665.4367222,668.565663,701.0053453,678.8492234,741.3196016,689.11146,709.3122963,710.9414665,746.2098209,740.4824182,747.0297315,781.0375523,796.2029425,868.4735708,826.0293132,824.6214022,816.9194859,856.0634915,868.4313097,897.4051484,900.4664227,890.5114952,875.7816094,967.4292983,862.0214943,889.7020107,906.9368199,914.5218093,952.0611492,950.4151874,930.8467755,940.5626313,1129.983883,913.3754186,941.8816353,1060.282744,955.0363062,930.0218807,1204.992305,1085.430599,940.700678,886.5647302,881.6703956,970.7244172,944.7470786,945.5469501,950.5924444,986.1510089,945.8695944,912.5104843,917.7292309,953.2286303,906.7673675,949.6022184,901.2387566,964.0476182,934.3498847
history,scen,World,AR6 climate diagnostics|Emissions|CO2|AFOLU|Unharmonized,Mt CO2/yr,297.4646065,302.9370985,308.5102686,314.185969,319.9660859,325.8525403,331.8472885,337.9523229,344.1696723,350.5014029,356.9496193,363.5164642,370.2041201,377.0148097,383.9507963,391.0143851,398.2079236,405.5338025,412.9944564,420.5923649,428.330053,436.2100923,444.2351017,452.4077481,460.7307476,469.2068664,477.8389213,486.6297812,495.5823676,504.6996558,513.9846758,523.4405135,533.0703113,542.8772697,552.8646479,563.035765,573.3940015,583.9427996,594.6856653,605.6261687,616.7679459,628.1146997,639.6702011,651.4382904,663.4228787,675.6279489,688.0575572,700.7158345,713.6069877,726.7353009,740.1051373,753.7209402,767.5872346,781.708629,796.0898163,810.735576,825.6507755,840.8403718,856.3094128,872.0630397,888.1064879,904.4450894,921.084274,938.0295718,955.2866142,972.8611365,990.7589794,1008.986091,1027.548529,1046.452462,1065.704174,1085.310061,1105.27664,1125.610547,1146.318539,1167.407499,1188.884434,1210.756484,1233.030916,1255.715133,1278.816675,1302.343219,1326.302583,1350.70273,1375.55177,1400.857961,1426.629713,1452.875591,1479.604317,1506.824775,1534.546011,1562.777238,1591.527838,1620.807366,1650.625553,1680.992309,1711.917726,1743.412082,1775.485843,1808.149669,1841.414415,1812.641691,2017.958792,2010.429149,2003.49854,1992.57304,2014.438713,2033.990905,2051.125846,2079.153212,2095.717761,2136.721579,1916.34624,1916.997535,1918.269413,1921.087377,1921.585666,1916.052688,1910.698725,1904.67254,1900.645177,1974.459419,2287.485899,2327.648136,2354.256216,2383.068243,2411.35367,2435.735782,2460.989956,2486.749301,2509.623248,2648.024913,2471.224191,2497.151688,2508.986068,2531.633224,2535.558324,2535.377123,2534.110398,2532.312708,2520.270356,2507.988844,2561.196286,2564.061168,2622.209594,2641.864587,2651.009917,2659.941939,2669.096822,2669.754913,2677.143179,2920.220385,2932.578084,3039.918912,3137.132745,3236.03741,3349.10565,3382.273038,3416.650809,3442.615327,3465.07142,3251.843109,3117.85701,3006.122949,2965.286448,2922.036651,2930.495173,2941.618045,2953.675083,2972.449133,2981.094687,3156.185151,3127.125618,3156.863354,3179.505679,3191.17269,3207.446458,3352.291327,3364.921444,3464.867641,3747.998908,3785.850465,3426.202541,3414.535978,3371.399627,3366.469335,3397.195986,3314.552106,3324.831062,3319.548711,3274.049486,3210.353251,3288.160874,3269.143574,3291.841556,3293.685578,3601.956519,3714.411991,3744.290791,3782.548133,3830.938177,4631.084947,4732.664117,4722.234813,4920.19064,5085.59436,5299.828735,5414.199536,5601.462885,5400.1783,5355.659833,5610.847,5572.613933,5596.3765,5563.5569,5677.731033,5686.360533,5847.963,5668.8731,5656.838367,5613.6718,5150.578033,4862.489867,4831.153433,4729.1475,4775.5246,4837.821633,4954.6904,4761.222033,4589.050767,4559.0688,4590.867967,4610.406533,5251.240133,5354.58,5495.730533,5607.019,5554.162167,5551.983433,5614.4077,5295.479933,5998.185967,6167.4723,5667.8996,5510.289033,5445.6622,5387.4469,8000.636862,5647.810562,4776.350962,4402.238762,3524.472129,3923.348629,3301.819662,3804.476395,3758.465595,4003.930962,3540.631862,2449.088662,2766.155962,3243.438262,3348.037995,3557.037995,3366.371329,4015.371329,3517.44
history,scen,World,AR6 climate diagnostics|Emissions|CO2|Energy and Industrial Processes|Unharmonized,Mt CO2/yr,9.505619891,9.505963229,9.510002042,9.51034538,9.514384194,9.518423007,10.16917002,10.17320884,10.17724765,10.18128646,10.1816298,11.14651159,11.15056977,11.15462794,11.15868611,11.16274429,12.44543696,12.44949514,12.45355331,12.45761148,12.46166966,13.81090157,13.81498041,13.81905926,13.8231381,13.82721695,15.25035837,15.25443721,15.25851606,15.2625949,15.27036922,17.07416836,17.07827094,17.08606901,17.09017159,17.10194574,19.40463405,19.41243212,19.4165347,19.42433276,19.43213083,21.69419182,22.34876643,22.37174568,22.32534355,22.33821728,23.43921459,24.5980621,25.61685792,26.98144303,28.77780539,28.55469611,37.07238349,32.11505223,35.05259222,34.26830496,35.86203938,38.36726044,35.85692752,35.88850331,38.156726,40.3635149,41.75970724,41.95454084,42.8876376,44.31824074,49.03968264,51.19270204,51.50323308,51.74568402,52.53618867,53.36192138,55.45545554,58.7709369,60.46706104,63.111523,63.69625003,68.30482988,68.9822692,68.39394372,91.36832944,86.70145063,86.79580076,88.77741696,90.5212983,92.61388732,107.0790399,107.2231617,110.9912884,114.735853,122.9164271,126.7943459,134.2652383,137.2349296,146.0170923,160.4739031,161.9589046,173.9315477,172.660674,179.0134873,188.2971893,188.9473101,196.5696209,205.0343782,241.4710874,243.9077243,260.8928805,263.451509,267.6077703,285.2848882,314.4307083,331.4036247,336.6365241,357.2415719,383.759646,406.520184,420.4531021,449.1953027,460.2890534,488.4396241,500.8359388,532.2577503,587.5811859,623.3057592,590.0221812,634.898549,644.7162038,658.9603312,662.4475459,707.8810192,803.7596678,825.3182473,868.2868736,919.3900694,926.5548868,932.3926773,946.6222192,992.9671993,1095.757642,1097.120159,1191.992969,1247.575065,1256.707537,1238.107898,1286.676887,1362.118796,1405.955764,1473.038386,1551.175545,1697.800966,1788.820939,1848.660826,1903.11229,2075.742538,2107.614101,2243.726713,2360.91611,2663.744559,2576.958064,2672.675265,2805.96325,2861.986257,3004.722072,3259.649461,2973.66654,2942.51981,3170.958207,3285.621644,3251.813367,2861.421008,3309.21524,2908.96889,3092.413999,3516.252425,3555.830056,3604.712598,3558.887022,3928.22156,3943.582919,4239.586225,3931.53488,3549.645518,3225.71824,3383.942487,3666.967337,3849.855802,4215.457073,4511.311211,4255.968439,4516.84672,4882.854452,4973.871648,4980.163241,5141.019629,5085.933086,4327.405026,4742.566944,5313.062133,5649.648194,5551.761022,6213.731176,6659.606041,6786.099892,6984.021272,7165.186495,7837.469428,8395.39109,8738.872584,9040.53885,9541.019563,9998.246947,10084.92943,10511.07056,11125.94113,11702.72338,12246.75033,12831.8669,13287.15772,14051.66841,14883.39681,15843.28502,16527.5501,17246.69564,18233.00875,18132.227,18060.67209,19035.55633,19657.66065,20454.21696,20999.96016,20707.59534,20298.59921,20071.08667,20092.38694,20590.54239,20810.00575,21196.38264,21774.34096,22475.37858,22760.31988,22671.23921,22683.40316,22521.36802,22695.36268,22866.39317,23369.59016,23860.59967,24092.17289,24150.38625,24410.08257,25259.64138,25493.87142,26010.04667,27207.37171,28629.01552,29658.16426,30627.93467,31811.60094,32002.12181,31459.23519,32890.3978,33917.99126,34396.87388,35396.3397,35615.57673,35635.2863
history,scen,World,AR6 climate diagnostics|Emissions|HFC|HFC125|Unharmonized,kt HFC125/yr,0,0,0,0,0,0,0,0,0,0,0,0,0,0,0,0,0,0,0,0,0,0,0,0,0,0,0,0,0,0,0,0,0,0,0,0,0,0,0,0,0,0,0,0,0,0,0,0,0,0,0,0,0,0,0,0,0,0,0,0,0,0,0,0,0,0,0,0,0,0,0,0,0,0,0,0,0,0,0,0,0,0,0,0,0,0,0,0,0,0,0,0,0,0,0,0,0,0,0,0,0,0,0,0,0,0,0,0,0,0,0,0,0,0,0,0,0,0,0,0,0,0,0,0,0,0,0,0,0,0,0,0,0,0,0,0,0,0,0,0,0,0,0,0,0,0,0,0,0,0,0,0,0,0,0,0,0,0,0,0,0,0,0,0,0,0,0,0,0,0,0,0,0,0,0,0,0,0,0,0,0,0,0,0,0,0,0,0,0,0,0,0,0,0,0,0,0,0,0,0,0,0,0,0,0,0,0,0,0,0,0,0,0,0,0,0,0,1.25E-05,8.80E-05,9.37E-05,2.47E-05,1.33E-05,1.35E-05,1.38E-05,1.40E-05,1.42E-05,1.44E-05,2.14E-06,-6.25E-05,-2.04E-06,7.94E-05,1.71E-05,-8.23E-05,-2.71E-05,8.66E-05,0.000216066,0.00021613,5.82E-05,0.021115007,0.31476996,0.96053501,1.727734,2.4767485,3.0949997,3.5515518,3.8771223,4.0579149,4.6266327,6.9049469,8.6848445,10.640667,11.075295,12.214474,15.640539,15.758879,16.143675,19.891066,26.595246,30.815622,33.926872,35.069515,43.330418,45.81505,38.8888,57.1243,78.7906
history,scen,World,AR6 climate diagnostics|Emissions|HFC|HFC134a|Unharmonized,kt HFC134a/yr,0,0,0,0,0,0,0,0,0,0,0,0,0,0,0,0,0,0,0,0,0,0,0,0,0,0,0,0,0,0,0,0,0,0,0,0,0,0,0,0,0,0,0,0,0,0,0,0,0,0,0,0,0,0,0,0,0,0,0,0,0,0,0,0,0,0,0,0,0,0,0,0,0,0,0,0,0,0,0,0,0,0,0,0,0,0,0,0,0,0,0,0,0,0,0,0,0,0,0,0,0,0,0,0,0,0,0,0,0,0,0,0,0,0,0,0,0,0,0,0,0,0,0,0,0,0,0,0,0,0,0,0,0,0,0,0,0,0,0,0,0,0,0,0,0,0,0,0,0,0,0,0,0,0,0,0,0,0,0,0,0,0,0,0,0,0,0,0,0,0,0,0,0,0,0,0,0,0,0,0,0,0,0,0,0,0,0,0,0,0,0,0,0,0,0,0,0,0,0,0,0,0,0,0,0,0,0,0,0,0,0,0,0,0,0,0,0,0,0,0,0,0,0,0,0,0,0,0,0,0,0,0,0,0,0,0,0.000683625,0.004878587,0.06849384,0.67304705,1.7208698,2.7251313,4.0250116,11.967198,24.558229,36.211193,48.538296,58.758537,70.049792,91.978363,99.657424,96.243251,102.73275,117.40605,125.65071,126.49199,133.41048,127.25708,138.28669,160.10848,165.044,190.47655,205.00564,202.01825,200.0249,201.9534
history,scen,World,AR6 climate diagnostics|Emissions|HFC|HFC143a|Unharmonized,kt HFC143a/yr,0,0,0,0,0,0,0,0,0,0,0,0,0,0,0,0,0,0,0,0,0,0,0,0,0,0,0,0,0,0,0,0,0,0,0,0,0,0,0,0,0,0,0,0,0,0,0,0,0,0,0,0,0,0,0,0,0,0,0,0,0,0,0,0,0,0,0,0,0,0,0,0,0,0,0,0,0,0,0,0,0,0,0,0,0,0,0,0,0,0,0,0,0,0,0,0,0,0,0,0,0,0,0,0,0,0,0,0,0,0,0,0,0,0,0,0,0,0,0,0,0,0,0,0,0,0,0,0,0,0,0,0,0,0,0,0,0,0,0,0,0,0,0,0,0,0,0,0,0,0,0,0,0,0,0,0,0,0,0,0,0,0,0,0,0,0,0,0,0,0,0,0,0,0,0,0,0,0,0,0,0,0,0,0,0,0,0,0,0,0,0,0,0,0,0,0,0,0,0,0,0,0,0,0,0,0,0,0,0,0,0,0,0,0,0,0,0,6.90E-05,0.000485591,0.000503887,0.000108512,4.26E-05,4.30E-05,5.50E-05,0.052416219,0.19213674,0.33759564,0.42456315,0.45249588,0.42017076,0.35605477,0.32601335,0.33083911,0.33559498,0.48356263,0.56320674,0.57273931,0.79616882,0.88192316,0.82629641,0.69729352,0.70613627,1.0018637,1.5166355,2.3253155,3.4395305,4.5014521,5.5717023,6.8917397,7.9486502,8.5987563,9.8521252,11.617585,13.114832,13.097501,12.434284,14.118518,16.399738,17.544095,21.142804,20.460881,22.158614,21.423,23.8069,25.2487,32.381
history,scen,World,AR6 climate diagnostics|Emissions|HFC|HFC227ea|Unharmonized,kt HFC227ea/yr,0,0,0,0,0,0,0,0,0,0,0,0,8.32E-08,6.68E-07,1.27E-06,1.39E-06,1.42E-06,1.46E-06,1.49E-06,1.53E-06,1.57E-06,1.60E-06,1.64E-06,1.67E-06,1.71E-06,1.75E-06,1.78E-06,1.82E-06,1.85E-06,1.89E-06,1.92E-06,1.96E-06,2.00E-06,2.03E-06,2.07E-06,2.10E-06,2.14E-06,2.18E-06,2.21E-06,2.25E-06,2.28E-06,2.32E-06,2.36E-06,2.39E-06,2.43E-06,2.46E-06,2.50E-06,2.54E-06,2.57E-06,2.61E-06,2.64E-06,2.68E-06,2.72E-06,2.75E-06,2.79E-06,2.82E-06,2.86E-06,2.90E-06,2.93E-06,2.97E-06,3.00E-06,3.04E-06,3.07E-06,3.11E-06,3.14E-06,3.18E-06,3.22E-06,3.25E-06,3.29E-06,3.32E-06,3.36E-06,3.40E-06,3.43E-06,3.47E-06,3.50E-06,3.54E-06,3.57E-06,3.61E-06,3.64E-06,3.68E-06,3.72E-06,3.75E-06,3.79E-06,3.82E-06,3.86E-06,3.90E-06,3.93E-06,3.97E-06,4.00E-06,4.04E-06,4.07E-06,4.11E-06,4.14E-06,4.18E-06,4.22E-06,4.25E-06,4.29E-06,4.32E-06,4.36E-06,4.39E-06,4.44E-06,4.48E-06,4.51E-06,4.55E-06,4.58E-06,4.62E-06,4.65E-06,4.69E-06,4.73E-06,4.76E-06,4.79E-06,4.83E-06,4.87E-06,4.91E-06,4.94E-06,4.98E-06,5.01E-06,5.05E-06,5.08E-06,5.12E-06,5.15E-06,5.19E-06,5.23E-06,5.26E-06,5.30E-06,5.33E-06,5.37E-06,5.41E-06,5.44E-06,5.47E-06,5.51E-06,5.55E-06,5.59E-06,5.62E-06,5.66E-06,5.69E-06,5.73E-06,5.77E-06,5.80E-06,5.84E-06,5.87E-06,5.91E-06,5.95E-06,5.99E-06,6.02E-06,6.06E-06,6.09E-06,6.13E-06,6.17E-06,6.20E-06,6.24E-06,6.28E-06,6.32E-06,6.36E-06,6.39E-06,6.43E-06,6.47E-06,6.51E-06,6.54E-06,6.58E-06,6.62E-06,6.66E-06,6.70E-06,6.74E-06,6.77E-06,6.81E-06,6.85E-06,6.89E-06,6.93E-06,6.96E-06,7.01E-06,7.05E-06,7.09E-06,7.13E-06,7.17E-06,7.21E-06,7.25E-06,7.29E-06,7.32E-06,7.35E-06,7.36E-06,7.38E-06,7.40E-06,7.43E-06,7.47E-06,7.50E-06,7.55E-06,7.58E-06,7.61E-06,7.64E-06,7.69E-06,7.73E-06,7.76E-06,7.79E-06,7.83E-06,7.86E-06,7.89E-06,7.94E-06,7.98E-06,7.99E-06,8.05E-06,8.09E-06,8.10E-06,8.12E-06,8.14E-06,8.18E-06,8.21E-06,8.25E-06,8.29E-06,8.33E-06,8.37E-06,8.37E-06,8.41E-06,8.39E-06,8.44E-06,8.46E-06,8.51E-06,8.54E-06,8.63E-06,0.009824818,0.036330653,0.064586906,0.082580189,0.090214925,0.087063163,0.072875586,0.047412585,0.022180513,-0.059867027,-0.17766763,-0.12485274,0.11779446,0.22216908,0.09748991,0.027417786,0.085787554,0.044305139,-0.099665792,-0.073662439,0.054397397,0.18589003,0.24819351,0.18194194,0.157163,0.20390529,0.29614801,0.39044285,0.427562,0.54029666,0.7424207,0.86319988,0.94275566,1.2107813,1.560512,2.0510461,2.365528,2.3531588,2.4154053,2.6196596,2.9666725,3.1827017,3.410604,3.2771162,2.9986006,3.5393,3.6633
history,scen,World,AR6 climate diagnostics|Emissions|HFC|HFC23|Unharmonized,kt HFC23/yr,0,0,0,0,0,0,0,0,0,0,0,0,0,0,0,0,0,0,0,0,0,0,0,0,0,0,0,0,0,0,0,0,0,0,0,0,0,0,0,0,0,0,0,0,0,0,0,0,0,0,0,0,0,0,0,0,0,0,0,0,0,0,0,0,0,0,0,0,0,0,0,0,0,0,0,0,0,0,0,0,0,0,0,0,0,0,0,0,0,0,0,0,0,0,0,0,0,0,0,0,0,0,0,0,0,0,0,0,0,0,0,0,0,0,0,0,0,0,0,0,0,0,0,0,0,0,0,0,0,0,0,0,0,0,0,0,0,0,0,0,0,0,0,0,0,0,0,0,0,0,0,0,0,0,0,0,0,0,0,0,0,0,0,0,0,0,0,0,0,0,0,0,0,0,0,0,0,0.004945027,0.030139896,0.003329301,-0.026051043,-0.003829208,0.000743107,0.000807641,0.00087789,0.000954224,0.001037276,0.001127477,0.001225424,0.001332062,0.001448183,0.00157415,0.001710955,0.001859737,0.002021507,0.002197258,0.002388349,0.002596315,0.003327672,0.02463759,0.10531435,0.2343219,0.3628351,0.48047903,0.59576061,0.70910415,0.82044371,0.92977447,1.0371306,1.1424694,1.2458107,1.346892,1.4460951,1.5429261,1.6379776,1.7308461,1.8217969,1.9105949,1.9976935,2.0817369,2.1644992,2.2451174,2.3233295,2.4006492,2.474116,2.545125,2.614347,3.5323931,4.661461,5.0937882,5.1732709,4.4274361,3.5575865,3.8040369,4.8805395,5.2553933,5.6896951,6.5386064,6.6278139,6.6572182,6.6838429,7.0572566,7.9102615,8.3534838,8.737968,9.315257,9.7707047,9.7952259,10.02529,10.07373,9.2978389,8.9840003,9.7208997,11.005369,12.712613,14.626529,12.639849,9.3262891,8.8123411,9.9336003,11.247607,12.498165,12.591587,11.604213,12.991,14.4857
history,scen,World,AR6 climate diagnostics|Emissions|HFC|HFC245ca|Unharmonized,kt HFC245ca/yr,,,,,,,,,,,,,,,,,,,,,,,,,,,,,,,,,,,,,,,,,,,,,,,,,,,,,,,,,,,,,,,,,,,,,,,,,,,,,,,,,,,,,,,,,,,,,,,,,,,,,,,,,,,,,,,,,,,,,,,,,,,,,,,,,,,,,,,,,,,,,,,,,,,,,,,,,,,,,,,,,,,,,,,,,,,,,,,,,,,,,,,,,,,,,,,,,,,,,,,,,,,,,,,,,,,,,,,,,,,,,,,,,,,,,,,,,,,,,,,,,,,,,,,,,,,,,,,,,,,,,,,,,,
history,scen,World,AR6 climate diagnostics|Emissions|HFC|HFC32|Unharmonized,kt HFC32/yr,0,0,0,0,0,0,0,0,0,0,0,0,1.51E-06,1.24E-05,2.50E-05,3.03E-05,3.44E-05,3.84E-05,4.25E-05,4.65E-05,5.06E-05,5.47E-05,5.87E-05,6.28E-05,6.68E-05,7.09E-05,7.49E-05,7.90E-05,8.30E-05,8.71E-05,9.10E-05,9.52E-05,9.92E-05,0.000103294,0.000107369,0.000111374,0.000115425,0.000119493,0.000123457,0.000127579,0.000131556,0.000135678,0.000139789,0.000143796,0.000147737,0.000151861,0.000155881,0.00015998,0.000164008,0.000168006,0.000171953,0.000176172,0.00018017,0.000184276,0.000188332,0.000192303,0.000196327,0.000200421,0.000204308,0.000208462,0.000212353,0.000216519,0.000220657,0.00022462,0.000228532,0.000232625,0.000236606,0.000240736,0.000244721,0.000248681,0.000252562,0.000256853,0.000260807,0.000264954,0.000268965,0.000272916,0.000276916,0.000280996,0.0002848,0.000288999,0.000292848,0.000297034,0.000301179,0.000305117,0.000308929,0.000313065,0.000316975,0.000321143,0.000325092,0.000329016,0.000332852,0.000337157,0.000341144,0.000345297,0.000349294,0.000353201,0.000357178,0.000361238,0.000364987,0.000369231,0.000374134,0.000378419,0.0003826,0.000386551,0.000390234,0.0003945,0.000398373,0.000402587,0.000406553,0.000410389,0.000414238,0.000418714,0.000422678,0.000426877,0.000430869,0.000434788,0.000438779,0.000442885,0.000446578,0.000450968,0.000454673,0.000459045,0.000463296,0.000467168,0.000470762,0.000475247,0.000479007,0.00048331,0.00048732,0.000490921,0.000494977,0.000499498,0.000503527,0.000507896,0.000511697,0.00051577,0.000519792,0.000523979,0.000527656,0.000532178,0.00053593,0.000540434,0.000544676,0.000548604,0.000552103,0.000556562,0.00056061,0.000564997,0.000569259,0.00057286,0.000577006,0.000581726,0.000585872,0.000590488,0.000594351,0.000598527,0.000602799,0.000607352,0.00061114,0.000615718,0.000619519,0.000624317,0.000628802,0.000633127,0.000636477,0.000641497,0.000645927,0.000650984,0.000655072,0.000658664,0.000663622,0.000668091,0.000672778,0.000677856,0.000682142,0.000686848,0.000691644,0.00069573,0.000699033,0.00070195,0.000703275,0.000705941,0.00070837,0.000710903,0.000715267,0.000719256,0.000724371,0.000728455,0.000731163,0.000734883,0.000740747,0.000744809,0.000747927,0.00075177,0.000755997,0.00075958,0.000763556,0.000769089,0.000773052,0.000774727,0.000780621,0.000785102,0.000786744,0.00078951,0.00079082,0.000796232,0.000799557,0.000802995,0.000807611,0.000812124,0.000817244,0.00081675,0.000821013,0.000819434,0.000824343,0.000827472,0.000832289,0.000836575,0.000845829,0.000845053,0.000852025,0.000858672,0.000863632,0.000876877,0.000877896,0.000877751,0.000880493,0.00088741,0.000894806,0.000900083,0.000901555,0.000902595,0.000894263,0.000887123,0.000892824,0.000902132,0.000908057,0.00091427,0.00092785,0.006065534,0.02696988,0.058141591,0.088755914,0.1188094,0.14808425,0.17780027,0.20547879,0.25820595,0.60512272,1.0699013,1.411492,1.6540309,2.8037817,4.7856897,5.4873038,6.3606922,8.3862482,8.4029745,10.669375,16.223306,15.914528,20.415233,24.0671,21.452891,30.4858,38.5792
history,scen,World,AR6 climate diagnostics|Emissions|HFC|HFC43-10|Unharmonized,kt HFC43-10/yr,0,0,0,0,0,0,0,0,0,0,0,0,0,0,0,0,0,0,0,0,0,0,0,0,0,0,0,0,0,0,0,0,0,0,0,0,0,0,0,0,0,0,0,0,0,0,0,0,0,0,0,0,0,0,0,0,0,0,0,0,0,0,0,0,0,0,0,0,0,0,0,0,0,0,0,0,0,0,0,0,0,0,0,0,0,0,0,0,0,0,0,0,0,0,0,0,0,0,0,0,0,0,0,0,0,0,0,0,0,0,0,0,0,0,0,0,0,0,0,0,0,0,0,0,0,0,0,0,0,0,0,0,0,0,0,0,0,0,0,0,0,0,0,0,0,0,0,0,0,0,0,0,0,0,0,0,0,0,0,0,0,0,0,0,0,0,0,0,0,0,0,0,0,0,0,0,0,0,0,0,0,0,0,0,0,0,0,0,0,0,0,0,0,0,0,0,0,0,0,0,0,0,0,0,0,0,0,0,0,0,0,0,0,0,0,0,0,0,0,0,0,0,0,0,0,0,0,0,0,0,8.17E-05,0.000696751,0.001578501,0.002017846,0.004307161,0.012966035,0.028102657,0.044783508,0.060567348,0.076147787,0.091767095,0.10715402,0.12273589,0.13825367,0.15358509,0.16982122,0.23841137,0.31501343,0.38665542,0.49435229,0.57423278,0.63867332,0.73327062,0.85366012,0.97410928,1.0845927,1.1852524,1.2649376,1.3164863,1.4335012,1.3375544,1.1291345,0.98551995,0.87225171,1.1516,1.1516
history,scen,World,AR6 climate diagnostics|Emissions|N2O|Unharmonized,kt N2O/yr,86.02230754,87.64746362,89.30332259,90.99046447,92.70948029,94.4609722,96.24555376,98.0638501,99.91649818,101.804147,103.7274577,105.6871042,107.6837728,109.718163,111.7909874,113.9029722,116.0548571,118.247396,120.481357,122.7575225,125.0766899,127.4396717,129.8472955,132.3004048,134.7998589,137.3465333,139.9413202,142.5851285,145.2788843,148.0235312,150.8200307,153.6693625,156.5725245,159.5305339,162.5444267,165.6152589,168.7441059,171.932064,175.1802499,178.4898013,181.8618776,185.2976601,188.7983522,192.3651804,195.9993941,199.7022662,203.475094,207.3191991,211.235928,215.2266528,219.2927714,223.4357081,227.6569144,231.9578688,236.3400779,240.8050769,245.3544298,249.9897303,254.7126021,259.5246997,264.4277086,269.4233465,274.5133633,279.6995421,284.9836995,290.3676866,295.8533893,301.4427295,307.1376649,312.9401905,318.852339,324.8761814,331.0138277,337.2674281,343.6391732,350.1312949,356.7460676,363.4858082,370.3528778,377.3496819,384.4786715,391.7423438,399.1432433,406.6839625,414.367143,422.1954762,430.1717043,438.2986214,446.5790744,455.0159639,463.6122453,472.3709299,481.2950859,490.3878394,499.6523756,509.0919398,518.7098388,528.5094417,538.4941812,548.6675551,559.033127,571.5715188,585.1317128,597.2067084,609.7889385,620.8449042,630.363965,640.2819203,648.1239126,655.1625586,661.0624675,665.1588808,669.257262,673.1290102,677.1849363,680.9942922,684.6173553,688.4915934,693.5563406,697.4433648,701.7352482,713.8267221,739.7925123,775.9784934,819.7215684,867.5279968,915.7927965,961.8957033,1001.946837,1035.268193,1057.030094,1069.377593,1082.919239,1093.31529,1102.456038,1112.197787,1119.648002,1128.421078,1137.859836,1148.134919,1187.252361,1205.060408,1222.77734,1240.778483,1260.063971,1277.162714,1294.783437,1311.33428,1326.524387,1341.415759,1356.16296,1369.103372,1384.515481,1399.355378,1415.597756,1432.563082,1449.951799,1466.751575,1483.124656,1499.100897,1515.944833,1533.705815,1559.234255,1589.117029,1621.623061,1656.958176,1693.364385,1728.658905,1761.607495,1791.469847,1818.808186,1843.606981,1867.742389,1893.417388,1920.280893,1944.746823,1968.032742,1990.269408,2010.725377,2028.074719,2043.067781,2053.983826,2064.648995,2073.559632,2083.434567,2093.473152,2103.273406,2115.583882,2129.097792,2147.484085,2167.531925,2242.12032,2403.563698,2636.053052,2912.496904,3215.873034,3522.872151,3815.763525,4068.702451,4264.104068,4378.498715,4447.58005,4514.631057,4585.338771,4658.918556,4738.573836,4819.784587,4906.311841,5002.815188,5106.721646,5222.367036,5570.292269,5779.894618,5976.276518,6199.344235,6465.560236,6773.507547,7041.513558,7256.009223,7435.615436,7406.667102,7327.060018,7746.900966,7935.570129,7909.792367,8180.647431,8409.325613,8640.444045,8837.869319,9123.755918,9227.258503,9121.12527,9494.515703,9530.292753,9421.16412,9421.444217,9620.413269,9977.117278,9722.719932,9842.472009,9862.303869,9968.816852,9990.075747,9915.093855,10121.0314,10218.83369,10278.76332,10590.22033,10128.40716,9868.586122,9603.187087,9722.247312,9991.772281,10099.78688,10354.57088,10516.57055,10802.56173,10363.48133,10429.68145,10546.74194,10539.817,10446.42833,10593.89773,10759.04688,10866.28352,10900
history,scen,World,AR6 climate diagnostics|Emissions|NH3|Unharmonized,Mt NH3/yr,6.927690091,6.860142185,6.819482037,6.881438529,7.015189224,6.943989043,6.922711557,7.047674129,6.995459768,7.045958325,7.128048286,7.080969808,7.072547337,7.067982584,6.89874574,7.112382325,7.036296531,7.045382427,7.223617821,7.157863703,7.155978284,7.069218405,7.043230562,7.104503735,7.347701469,7.26964482,7.261469977,7.355973763,7.434606067,7.418773457,7.569429121,7.505783353,7.519625788,7.496232273,7.3811564,7.538152323,7.491084254,7.55517197,7.730934741,7.663516243,7.680254371,7.556943543,7.499155045,7.518120739,7.731535991,7.626169221,7.581863097,7.636302582,7.671017716,7.67446285,7.740645322,7.701186978,7.763054085,7.720863757,7.68708673,7.835162209,7.843541453,7.906227329,8.095303457,8.062766978,8.107079152,8.026948341,7.965169636,8.032995952,8.255365792,8.178894558,8.188247477,8.220825384,8.306817108,8.302878859,8.416077975,8.396299171,8.447852069,8.395261064,8.395833943,8.516236489,8.523620414,8.585850324,8.801495947,8.767229394,8.818806446,8.731507392,8.712430009,8.790922957,9.001420472,8.925548286,8.993015086,9.027059824,9.122535895,9.139608329,9.211326299,9.249453202,9.261381852,9.185852612,9.178913526,9.307905911,9.302498358,9.401962019,9.573238567,9.543358834,9.604162557,9.478471328,9.424520247,9.493187126,9.708926054,9.60821845,9.648967408,9.717987449,9.773872717,9.815633788,9.868462594,9.857135646,9.918881972,9.868665854,9.887134077,10.07353478,10.06454912,10.1891331,10.37220092,10.31106127,10.44102397,10.3694977,10.33038424,10.56453512,10.75161101,10.66354523,10.83189303,10.8970216,10.99894534,11.18150569,11.21057035,11.27474846,11.34322096,11.30107278,11.46377857,11.60315357,11.67579747,11.82565523,12.04162329,12.07532791,12.22188071,12.1596402,12.19914652,12.37945386,12.66238559,12.67244423,12.72059369,12.8902171,12.95906823,13.20706844,13.27666955,13.3014099,13.41248803,13.43752052,13.7314717,13.85510547,13.95964537,14.21677499,14.40742286,14.46573428,14.73060447,14.67937454,14.7136648,14.92180765,15.24149746,15.23213103,15.34284718,15.500365,15.70439103,15.91565271,16.03665614,16.0101613,16.07300912,16.4693053,16.41564777,16.84168156,17.14732508,17.43232174,17.62700285,17.86727278,18.10997615,17.9582942,18.10001304,18.14058312,18.32411359,18.31731965,18.65286964,18.735883,18.72062801,18.98792969,18.93380648,19.03403078,19.21018323,19.22648995,19.45467137,19.53099873,19.68948842,19.91609513,20.34906056,20.9091959,21.60140457,21.71096706,22.39378605,23.08627653,23.5182693,23.78869162,24.39548109,25.10938271,25.26871426,25.78456832,26.12794679,26.8897385,27.3913443,28.74464761,28.60741633,29.97215368,31.55306755,33.16777605,34.38157284,34.96181251,37.46957853,38.13342516,39.56446297,39.95714271,40.69211664,41.4767259,42.52135697,43.27485688,44.24089207,45.13478108,45.97852705,46.37436562,47.66689068,47.6454021,48.69349353,49.41563613,50.21167874,51.33101366,51.72677742,52.06403696,52.52170068,54.26130892,52.37759099,52.78275226,54.21042307,53.41671788,53.42127729,56.11803189,56.58934432,54.7693723,54.50959652,54.70989639,57.07665954,57.69037488,58.11358477,58.88341048,60.37974253,60.96582609,61.31644175,61.3779593,62.44447212,62.39874927,63.84845417,63.65097665,65.03685366,65.27970313
history,scen,World,AR6 climate diagnostics|Emissions|NOx|Unharmonized,Mt NO2/yr,12.73521194,12.59230324,12.59427042,12.53982033,12.63683678,12.76599125,12.41616261,13.1331518,12.97934533,12.75254609,12.71269604,12.96678586,12.49978928,12.63295473,12.57663725,12.73808006,12.76007905,12.74570396,13.26640323,12.85785079,12.89891822,12.62324271,12.52400747,12.46738959,12.78390257,12.86929116,12.40741669,12.93458349,13.20751695,12.69699,12.71506421,12.87790002,12.46113468,12.44438333,12.59751721,12.55248193,12.5678111,12.76091694,13.26480759,12.84626138,12.93202741,12.63941855,12.65272496,12.47524671,12.81634877,12.87258787,12.31586242,12.94441319,13.18985696,12.75367575,12.70371109,12.88157821,12.53033251,12.39498015,12.71613281,12.62431268,12.73432599,12.83197336,13.36938481,12.94143866,13.01213284,12.8714024,12.73096382,12.62618564,12.96379003,13.06602172,12.69818309,13.07654651,13.49727807,13.01846415,13.00218267,13.23594367,12.71501678,12.63263492,12.99566306,12.87246123,12.84794656,13.01608087,13.5204643,13.13944028,13.26451505,12.96555056,12.96149608,12.82735594,13.10235903,13.13355177,12.86713343,13.27038433,13.60526498,13.18858095,12.88954454,13.43207834,12.9286274,12.63268139,13.02434548,12.99992982,12.97255355,13.27153028,13.64758224,13.4241146,13.45657685,13.17243992,13.00181932,13.03425324,13.42199006,13.37365128,12.94614666,13.6609981,13.92945102,13.53148651,13.33856892,13.66780367,13.27771597,13.04474127,13.42555248,13.65613844,13.57734061,13.89761851,14.33158856,13.9440919,14.20074407,14.02316496,13.72527326,14.15646368,14.35225569,14.16158404,14.03711085,14.49647732,14.79085747,14.60701195,14.40860199,14.88509568,14.48444095,14.27050491,14.80607459,14.75707739,14.89467659,15.17142123,15.57510184,15.52671146,15.79194853,15.57973029,15.42330662,15.4875444,16.05810348,16.15737216,15.54914616,16.51075558,16.74484506,16.73482662,16.71573999,17.08681697,17.01305829,17.04726849,17.73743296,18.29801487,18.41936116,19.46355752,19.62614434,19.84444901,20.44725406,20.3822595,20.42827701,21.19823229,21.34701392,21.29313163,21.6836961,23.00419095,23.38021169,22.75197626,24.0391753,23.4746721,23.81984363,26.32202243,25.58778999,26.22160478,26.46434217,27.91811905,28.14557529,29.21456636,29.04143305,26.95423626,26.74457595,26.61269603,28.25939192,28.83665246,30.75030733,31.45184796,30.00000651,31.64022958,32.7188333,33.48198015,33.98048634,34.96119084,36.03881656,35.5096996,35.50602087,37.73867603,40.05786822,38.96806771,43.13346535,43.1993278,44.29775813,46.15027419,47.14223947,50.45064783,53.89237306,56.50215517,55.97930462,57.53015334,59.57552345,61.54958482,63.50039853,67.40220069,69.7992133,72.53323808,75.0452159,79.47428379,83.46364336,85.61259583,91.39020745,93.99546396,99.31304654,102.6103475,102.0759777,101.0543663,106.0477677,108.5856192,112.5596328,115.0059619,114.1861796,112.0545426,112.1881415,109.3274027,112.7424917,114.505137,115.769763,119.6837541,124.1495603,125.267831,125.6585787,130.3728476,127.1693521,130.5411332,132.2742148,132.8622773,132.861569,137.6010869,139.0513188,134.49403,135.5333367,135.9063122,137.6195703,140.1926459,146.3502013,149.8499947,153.1895928,158.089275,157.774666,152.6770747,155.4203535,159.2761931,158.239988,156.0375565,155.6402255,155.52045
history,scen,World,AR6 climate diagnostics|Emissions|OC|Unharmonized,Mt OC/yr,15.44766815,15.18871674,15.03447574,15.18254515,15.55877305,15.35818253,15.19577663,15.70481912,15.51461163,15.57401349,15.81906393,15.69191588,15.52593531,15.52676249,14.95869898,15.67992411,15.35883081,15.4005645,16.0637302,15.73509479,15.74271509,15.32197739,15.11418329,15.20466379,15.87559318,15.5891357,15.37007702,15.67345753,15.89945625,15.62745786,16.0183808,15.80695227,15.71282083,15.60726047,15.22814126,15.73271148,15.46715712,15.71033146,16.34335434,16.00040861,16.05674391,15.61644988,15.44666919,15.47797954,16.16525997,15.88313195,15.6283698,15.93865305,16.12667274,16.03734279,16.2421417,16.06373322,16.07582361,15.83103088,15.67624811,16.0941548,15.95144317,16.11756408,16.7315469,16.44016599,16.52538808,16.18886557,15.92905063,16.06491504,16.71992349,16.48749688,16.39503385,16.51722865,16.84964888,16.66519821,16.96356441,16.86010032,16.79629808,16.53271228,16.47072526,16.80867752,16.62077908,16.79991923,17.4805645,17.19408165,17.31425157,16.87772867,16.73898675,16.86449692,17.45428534,17.17048679,17.23500429,17.35383524,17.64153847,17.50517633,17.57513248,17.74554357,17.59096172,17.21821832,17.1801219,17.5993633,17.39887857,17.76051419,18.30069373,18.07478627,18.22682479,17.72630049,17.47926155,17.65848988,18.34043133,17.9916486,17.95411805,18.29156565,18.4792763,18.44950598,18.520468,18.43711983,18.41589321,18.09141101,18.0938173,18.66656838,18.39468019,18.76835617,19.30124757,18.88882504,19.25812075,18.76177377,18.36534165,18.9372989,19.30481072,18.75387609,19.00214066,19.0890591,19.22817131,19.48731539,19.32682128,19.32716624,19.15816229,18.70936137,19.00988998,19.20686906,19.06781958,19.32845364,19.78574643,19.55277705,19.77806486,19.19967303,18.94952176,19.1784562,19.83612848,19.52250048,19.17728772,19.58218288,19.50168111,19.86870993,19.75078793,19.48762217,19.3580615,19.03059788,19.65611973,19.75296716,19.60693136,20.14449075,20.34218955,20.10967131,20.6023284,20.00760743,19.68089243,20.00732869,20.59248109,20.06142458,19.90829861,20.17756104,20.36895158,20.36863821,20.4023951,19.84610877,19.4742784,20.41782521,19.77882376,19.75345484,19.57302011,19.87550986,19.91593076,20.27497394,20.95238859,19.78298346,20.16181555,20.01961331,20.70261784,20.54319704,21.16418654,20.85060471,20.283818,21.02085333,20.56627575,20.46203137,21.01419377,20.76469901,20.91812228,20.63041519,20.3059335,20.19099947,20.65035706,21.08117938,22.10581056,20.39818818,20.95793435,21.60093971,21.65473895,21.61194057,22.72448276,23.82634945,22.2466504,22.13695045,22.06866314,23.37357314,22.55009464,24.60921093,22.37762398,22.64997293,22.43429714,23.58529354,22.82579691,22.10048951,22.78022432,23.19511601,25.52743454,23.45564811,23.59962462,23.12965379,24.40571792,24.38724427,25.01974419,25.21247986,25.23254566,24.87329597,28.27220571,24.45951343,25.32627636,25.83243998,25.91211685,27.25186717,27.18506613,26.33140677,27.36536835,34.39493833,26.64897689,28.11499626,33.14335063,29.71540754,28.71419152,38.34138232,37.8122783,30.44917133,27.9819784,27.87799844,33.80824329,34.36218135,32.33033041,32.72399071,34.3551466,33.27729799,31.61901151,31.77247637,34.61053251,32.51825927,35.82690196,33.24556583,36.14582139,34.74602423
history,scen,World,AR6 climate diagnostics|Emissions|SF6|Unharmonized,kt SF6/yr,0,0,0,0,0,0,0,0,0,0,0,0,0,0,0,0,0,0,0,0,0,0,0,0,0,0,0,0,0,0,0,0,0,0,0,0,0,0,0,0,0,0,0,0,0,0,0,0,0,0,0,0,0,0,0,0,0,0,0,0,0,0,0,0,0,0,0,0,0,0,0,0,0,0,0,0,0,0,0,0,0,0,0,0,0,0,0,0,0,0,0,0,0,0,0,0,0,0,0,0,0,0,0,0,0,0,0,0,0,0,0,0,0,0,0,0,0,0,0,0,0,0,0,0,0,0,0,0,0,0,0,0,0,0,0,0,0,0,0,0,0,0,0,0,0,0,0,0,0,0,0,0,0,0,0,0,0,0,0,0,0,0,0,0,0,0,0,0,0,0,0,0,0,0,0,0,0,0,0,0,0,0,0,0,0,0,0,0,0,0,0,0,0,0,0,0,0,0.003372839,0.023611977,0.063741035,0.16053368,0.23983988,0.24565292,0.24572915,0.24580572,0.24588273,0.24595899,0.24603635,0.2461131,0.30755864,0.4304021,0.55328481,0.61483924,0.55366285,0.49245891,0.4926084,0.61550021,0.7384486,0.67731523,0.67751619,0.80047128,0.86210262,0.86237286,0.92401065,1.0394718,1.1646458,1.4235416,2.1583469,2.8286901,2.8296177,2.8304823,2.9541119,2.9550432,3.2014371,3.570683,3.6945657,3.9411958,4.3106697,4.6802608,5.0499664,5.1743108,5.29866,5.4230636,5.424762,5.5491826,5.6736625,5.5527008,5.7834259,5.6031107,5.1676463,5.2735332,5.3282102,5.4976481,5.5417194,5.6480085,6.2799143,6.9409178,6.9754073,6.8835341,7.159861,7.2759031,7.4656928,7.7062836,7.686158,7.8784,8.02
history,scen,World,AR6 climate diagnostics|Emissions|Sulfur|Unharmonized,Mt SO2/yr,2.440048435,2.408379138,2.397116044,2.410693365,2.462065253,2.442355144,2.419184325,2.507464693,2.479743826,2.473528035,2.497745196,2.509181763,2.466504133,2.480992166,2.421867931,2.497554066,2.484408322,2.482742878,2.585377496,2.542757581,2.551004694,2.456424302,2.431878812,2.437570529,2.528911972,2.497313043,2.466672079,2.521353634,2.560565944,2.503712449,2.545624085,2.551092641,2.518173245,2.513461275,2.478316441,2.529190605,2.523874405,2.558671152,2.648030358,2.597817354,2.605536163,2.565535213,2.555885905,2.549374599,2.642660373,2.610163563,2.568822151,2.640239462,2.684800166,2.661313715,2.698593795,2.688431218,2.727330113,2.675871996,2.691782017,2.729785228,2.736325627,2.775121695,2.846709202,2.801892048,2.823983532,2.803000631,2.785422831,2.796288721,2.893725367,2.881174397,2.89451963,2.939425965,3.001978233,2.956182588,2.995581553,3.007308731,2.99428324,2.994537839,3.021111981,3.071614762,3.059193093,3.127305637,3.231000882,3.189500784,3.406492167,3.316891703,3.316047924,3.342535309,3.437176483,3.431091533,3.560612062,3.590574873,3.677349384,3.680419963,3.742445207,3.826558744,3.856907998,3.853309393,3.976687413,4.154281247,4.138125135,4.301750208,4.401966129,4.4428603,4.544463776,4.506599718,4.548173377,4.645593816,5.0624187,5.055876658,5.188552235,5.28574648,5.361342808,5.522088206,5.787726355,5.933301365,5.94350385,6.11934725,6.376488797,6.643795616,6.765960835,7.119763794,7.325189711,7.571114079,7.762947987,8.019553554,8.487273155,8.932963275,8.750701465,9.090838437,9.266189578,9.510372736,9.597660042,10.09352322,10.93632234,11.29350673,11.7388482,12.25438403,12.46724553,12.57026623,12.68626323,13.19095522,14.34215496,14.33482126,15.43278649,16.02679754,16.30684661,16.21599151,16.79657324,17.66577431,18.15088036,19.01112916,19.98900757,21.64246331,22.66210071,23.51382737,24.16340112,26.0476803,26.50752099,28.15802848,29.48689884,32.47930468,31.13285704,32.69101093,34.19279814,34.43465078,35.92235271,38.0860897,35.13405679,35.09148718,38.07157453,39.75198229,39.4249845,33.93663048,37.54682246,32.04941278,33.84898547,39.38589959,38.98297228,39.41628781,39.55611646,42.21370855,42.06447172,44.73465019,41.51990607,36.63913266,32.25189542,33.93713757,37.30163266,40.09333853,43.12786142,46.39105113,43.01883966,45.94885454,50.23977106,52.14654754,53.32090164,54.13624126,53.07350504,46.75690203,46.20250369,51.87623011,54.2400157,52.31608638,58.2062882,60.66323151,61.44989309,62.68709014,63.10483375,69.00315621,74.12190737,77.62640658,78.56142199,82.51022592,85.80760421,96.59080752,98.59311393,101.6784711,105.4986908,107.9591805,110.366455,109.3551933,113.5595977,116.7534789,122.867878,123.2413271,126.7324979,132.4288265,130.5396034,128.1655913,134.0976169,135.3432378,135.834174,138.0244007,137.3534112,133.1699011,130.860453,128.9037345,130.4163407,130.7442052,130.7545577,133.2343341,134.3653495,134.4161679,133.9791278,132.7375512,128.2477768,126.1942302,123.4484152,121.0821185,119.1142065,119.5500481,117.026167,110.8741189,111.1486043,111.9237249,111.2015633,115.1038782,120.493726,124.9806758,125.8962842,125.087574,122.3606509,117.2593915,116.3174481,117.4857589,115.6695764,114.6481774,114.0086622,100.771167
history,scen,World,AR6 climate diagnostics|Emissions|VOC|Unharmonized,Mt VOC/yr,60.02182622,59.08812628,58.63199703,59.0263494,60.26994517,59.82493372,58.94682931,61.263693,60.43461244,60.44526305,61.05172479,60.9842272,60.02708933,60.12706627,58.43835717,60.62945786,59.85878463,59.8910269,62.36582555,60.95040361,60.96602721,59.42424033,58.72495295,58.91656885,61.31335787,60.54083046,59.3811448,60.89349007,61.78348695,60.50081488,61.61859566,61.19330647,60.48572145,60.10171272,59.21225989,60.49447936,59.91468241,60.75335708,63.12433047,61.63229238,61.84599181,60.2187392,59.70568574,59.5849395,62.03822453,61.24273214,59.86424243,61.47137695,62.19763903,61.4962302,62.00320914,61.66564779,61.32615659,60.40434182,60.36470275,61.31991146,61.22344968,61.70646914,64.08195973,62.71002213,62.97351665,61.829606,60.85746997,61.1361302,63.49192823,62.8715757,62.14643252,62.94153101,64.26768049,63.25758927,64.0766433,63.98744909,63.22724653,62.26076437,62.5634338,63.18578955,62.81594151,63.38999011,65.90535949,64.57289824,64.94076179,63.33682174,62.87089656,63.0695837,65.10499264,64.23544317,64.08016333,64.82242714,65.94724657,65.11131218,64.92298176,65.94544518,64.92167359,63.42406091,63.7624543,64.68556723,64.24405153,65.44362075,67.39824375,66.42707154,66.78304875,64.95004659,63.95789986,64.44555418,66.79469522,65.65156398,65.0425347,66.72779877,67.47060376,66.95694734,66.84953493,66.88575551,66.35896016,65.0096354,65.39906664,67.10347351,66.37528156,67.66026449,69.64729381,67.92949559,69.12187694,67.42862358,65.84553711,67.99437045,69.34908007,67.4820886,68.07266489,68.77838073,69.46979574,70.08572002,69.18788119,69.70896889,68.75016749,67.06254476,68.59402326,68.94977818,68.86926284,69.79403942,71.42723744,70.65718772,71.47659717,69.53172191,68.66391959,69.48705802,71.90804381,71.15178658,69.42267706,71.5467325,71.45665952,72.46072256,71.90656631,71.63263161,71.24149846,70.25376393,72.88437625,73.70973522,73.46173851,76.00444514,76.856238,76.4408771,78.48124343,76.73370569,75.83160819,77.5799616,79.77807343,78.35040062,78.27985155,80.45481807,81.61294814,81.67724386,82.96992111,81.18725519,80.53069431,86.27583424,83.21123114,84.06174423,84.16877083,86.52753525,87.11586337,89.37670247,91.59573863,86.48531867,87.90725373,87.73926442,91.49703968,91.90214074,95.83484543,95.84567433,93.23706062,97.34535423,96.49612887,97.09407345,98.65719695,99.48634644,102.0083052,102.3868629,102.6581835,104.1573676,108.0964174,109.1544258,113.8598472,109.0909544,112.6182109,116.7765378,118.7896929,122.5425815,129.82302,135.5915206,129.2085836,131.2104974,133.3368149,143.5652635,140.105892,156.130954,146.4547756,153.4053912,156.4949809,164.7753162,165.0957088,169.6815713,179.6859547,183.5355579,196.6655247,186.5259319,183.6005251,177.5130673,186.2474273,189.2255323,192.9347955,196.0169029,194.391242,189.1686139,206.8844648,183.8358223,189.3335257,190.4568857,195.6652235,203.5851701,203.5322276,200.3165052,203.021231,244.4286341,198.238473,203.7757832,231.0503543,206.4742485,200.8724208,264.6751503,232.3180182,205.1118782,195.3241582,196.1877828,218.4604141,214.4033914,216.6872834,218.7880648,229.8954395,219.7058707,214.695495,218.7581143,224.6021121,218.628754,229.1069362,219.3811793,233.525518,227.2448193
history,scen,World,AR6 climate diagnostics|Emissions|CO2|Unharmonized,Mt CO2/yr,306.9702264,312.4430617,318.0202707,323.6963144,329.4804701,335.3709633,342.0164586,348.1255317,354.3469199,360.6826894,367.1312491,374.6629758,381.3546899,388.1694376,395.1094824,402.1771294,410.6533605,417.9832976,425.4480097,433.0499764,440.7917227,450.0209939,458.0500821,466.2268073,474.5538857,483.0340833,493.0892797,501.8842184,510.8408836,519.9622507,529.255045,540.5146818,550.1485823,559.9633387,569.9548195,580.1377108,592.7986355,603.3552317,614.1022,625.0505015,636.2000767,649.8088915,662.0189675,673.8100361,685.7482222,697.9661661,711.4967718,725.3138966,739.2238456,753.7167439,768.8829427,782.2756363,804.6596181,813.8236812,831.1424085,845.0038809,861.5128149,879.2076322,892.1663403,907.951543,926.2632139,944.8086043,962.8439813,979.9841126,998.1742518,1017.179377,1039.798662,1060.178793,1079.051762,1098.198146,1118.240362,1138.671983,1160.732096,1184.381484,1206.7856,1230.519022,1252.580684,1279.061314,1302.013185,1324.109077,1370.185005,1389.044669,1413.098384,1439.480147,1466.073069,1493.471848,1533.708753,1560.098752,1590.595605,1621.560628,1657.462438,1689.571583,1725.793076,1758.042296,1796.642646,1841.466212,1873.876631,1917.343629,1948.146517,1987.163156,2029.711604,2001.589001,2214.528412,2215.463528,2244.969628,2236.480764,2275.331594,2297.442414,2318.733616,2364.4381,2410.148469,2468.125204,2252.982764,2274.239107,2302.029059,2327.607561,2342.038769,2365.247991,2370.987778,2393.112164,2401.481115,2506.71717,2875.067085,2950.953895,2944.278397,3017.966792,3056.069874,3094.696114,3123.437502,3194.630321,3313.382916,3473.343161,3339.511065,3416.541757,3435.540954,3464.025901,3482.180543,3528.344322,3629.86804,3629.432868,3712.263325,3755.563908,3817.903823,3802.169065,3908.886481,4003.983383,4056.965681,4132.980325,4220.272366,4367.555879,4465.964118,4768.881211,4835.690374,5115.661449,5244.746846,5479.764123,5710.02176,6046.017596,5993.608873,6115.290592,6271.034671,6113.829366,6122.579082,6265.77241,5938.952989,5864.556462,6101.45338,6227.239689,6205.48845,5833.870141,6290.309927,6065.154041,6219.539618,6673.115779,6735.335735,6795.885288,6766.33348,7280.512887,7308.504363,7704.453865,7679.533788,7335.495983,6651.920781,6798.478465,7038.366964,7216.325137,7612.653059,7825.863317,7580.799501,7836.395431,8156.903938,8184.224899,8268.324116,8410.163203,8377.774642,7621.090604,8344.523463,9027.474124,9393.938985,9334.309155,10044.66935,11290.69099,11518.76401,11706.25609,12085.37713,12923.06379,13695.21983,14153.07212,14642.00173,14941.19786,15353.90678,15695.77643,16083.68449,16722.31763,17266.28028,17924.48137,18518.22743,19135.12072,19720.54151,20540.23517,21456.95682,21678.12813,22109.18551,23064.16218,22861.3745,22836.19669,23873.37797,24612.35105,25215.439,25589.01092,25266.66414,24889.46718,24681.4932,25343.62707,25945.12239,26305.73628,26803.40164,27328.50313,28027.36201,28374.72758,27966.71914,28681.58913,28688.84032,28363.26228,28376.6822,28815.25236,29248.04657,32092.80975,29798.19682,29186.43353,29661.88015,29018.34355,29933.39529,30509.19137,32433.49191,33416.62986,34631.86563,35352.2328,34451.21047,34225.39115,36133.83606,37266.02926,37953.91187,38762.71103,39630.94805,39152.7263
history,scen,World,AR6 climate diagnostics|Emissions|F-Gases|Unharmonized,Mt CO2-equiv/yr,0.066983717,0.066983717,0.066983717,0.066983717,0.066983717,0.066983717,0.066983717,0.066983717,0.066983717,0.066983717,0.066983717,0.066983717,0.066985137,0.066995319,0.067006848,0.067011245,0.067014434,0.067017582,0.067020771,0.067023919,0.067027142,0.067030331,0.067033478,0.067036667,0.067039815,0.067043038,0.067046151,0.067049374,0.067052488,0.067055711,0.067058749,0.067062047,0.067065195,0.06706838,0.067071584,0.067074701,0.067077887,0.067081086,0.067084172,0.067087412,0.067090508,0.067093748,0.067096979,0.067100098,0.067103201,0.067106408,0.067109571,0.067112793,0.067111006,0.067123989,0.067122148,0.06712546,0.067128606,0.0671318,0.06713499,0.067138081,0.067141247,0.067144465,0.067147494,0.067150758,0.067153789,0.067157062,0.067160279,0.067163399,0.067166447,0.067169664,0.067172798,0.067176009,0.067179145,0.067182229,0.067185287,0.067188654,0.067191733,0.067194991,0.067198113,0.067201224,0.067204338,0.067207545,0.067210511,0.067213809,0.067216843,0.067220097,0.067223353,0.067221499,0.067234342,0.067232676,0.067235722,0.067238996,0.067242072,0.067245162,0.067248152,0.06725153,0.067249712,0.067262811,0.067261042,0.067264085,0.067267216,0.067270374,0.067443248,0.06868451,0.069917556,0.070109718,0.070124374,0.070138995,0.070156843,0.070171955,0.070203209,0.070221714,0.070246662,0.07027319,0.075219542,0.075250124,0.070363939,0.070397651,0.070432875,0.075387897,0.075426651,0.070544235,0.070595947,0.075553267,0.075598677,0.070728259,0.075695541,0.075746227,0.075798457,0.075853043,0.075908842,0.075966764,0.076026149,0.076086946,0.076144917,0.081137786,0.081199274,0.076349589,0.076419148,0.081408679,0.081481924,0.08155706,0.081633496,0.08171231,0.081792283,0.081874491,0.081958223,0.08696159,0.087048306,0.082219391,0.087228001,0.087320547,0.087414778,0.087894566,0.218472778,0.374832717,0.405754816,0.454030616,0.566732629,0.741274172,0.954797774,0.891193106,1.100680814,1.836080828,2.113626902,2.352831349,2.775335826,2.937859339,3.203571006,4.122350063,5.117186256,5.410307126,5.146435965,4.99746304,3.582073429,2.815459886,4.970751556,6.767492684,7.215591362,7.576493948,8.383565996,9.706088435,11.05657867,10.49259354,8.284269345,5.778258072,4.470474793,5.266423407,7.865386754,11.44621832,15.08222123,18.14005114,21.25237109,23.36719699,27.31747103,35.73812093,47.07063144,45.76767756,24.61965619,12.41768787,17.10000592,21.74583288,22.00016777,22.85683498,28.20400504,33.28333625,36.30600527,38.87394679,40.24827246,40.93563362,40.23860021,39.8187215,42.1042956,46.75064181,51.60165014,56.71390618,60.90864324,63.23676307,66.17193729,70.89787242,80.4689888,90.23471092,97.38054505,107.5865631,120.4675225,133.0675287,147.0436109,165.1451231,171.8530414,176.5168311,197.7120926,235.4212241,269.0348301,282.8112931,282.9128596,264.3886062,250.4014668,265.0814945,281.2288991,283.1808466,301.8429637,328.8984159,342.2019722,353.3887363,354.5788664,356.4039213,370.2201793,390.2706873,423.076255,459.7452982,489.9869417,521.3046065,553.313103,587.0015419,597.4508437,604.9032709,657.549744,720.6312642,746.3075084,777.5710592,797.0138083,771.9753611,800.5444823,895.4550633,928.727355,1034.876878,1060.368049,1016.055511,1131.243527,1288.190261
history,scen,World,AR6 climate diagnostics|Emissions|HFC|Unharmonized,kt HFC134a-equiv/yr,0,0,0,0,0,0,0,0,0,0,0,0,9.81E-07,8.02E-06,1.60E-05,1.90E-05,2.12E-05,2.34E-05,2.56E-05,2.78E-05,3.00E-05,3.22E-05,3.44E-05,3.66E-05,3.88E-05,4.10E-05,4.32E-05,4.54E-05,4.76E-05,4.98E-05,5.19E-05,5.42E-05,5.63E-05,5.85E-05,6.08E-05,6.29E-05,6.51E-05,6.73E-05,6.95E-05,7.17E-05,7.39E-05,7.61E-05,7.83E-05,8.05E-05,8.26E-05,8.48E-05,8.70E-05,8.93E-05,9.14E-05,9.36E-05,9.57E-05,9.80E-05,0.0001002,0.000102408,0.000104614,0.000106752,0.000108942,0.000111167,0.000113262,0.000115519,0.000117615,0.000119879,0.000122104,0.000124261,0.000126369,0.000128594,0.000130761,0.000132982,0.000135151,0.000137283,0.000139398,0.000141726,0.000143856,0.000146109,0.000148268,0.000150419,0.000152573,0.000154791,0.000156842,0.000159123,0.000161221,0.000163471,0.000165723,0.000167844,0.000169923,0.000172171,0.000174277,0.000176541,0.000178668,0.000180805,0.000182873,0.000185209,0.000187355,0.000189612,0.000191787,0.000193892,0.000196057,0.000198241,0.000200287,0.000202568,0.000205238,0.000207563,0.000209811,0.000211962,0.00021395,0.000216266,0.000218353,0.000220641,0.0002228,0.000224868,0.000226943,0.000229367,0.000231525,0.000233806,0.000235955,0.00023809,0.000240238,0.00024247,0.000244464,0.000246844,0.000248843,0.000251214,0.000253521,0.000255608,0.000257573,0.000259979,0.000262031,0.000264365,0.000266524,0.000268469,0.000270675,0.000273123,0.000275315,0.000277661,0.000279734,0.000281925,0.000284113,0.000286388,0.000288373,0.000290821,0.000292845,0.000295285,0.000297588,0.000299727,0.000301619,0.000304035,0.000306213,0.000308592,0.000310905,0.00031285,0.000315103,0.000317655,0.000319908,0.000322405,0.000324487,0.000326756,0.000329074,0.000331539,0.000333582,0.000336059,0.000338133,0.000340725,0.000343154,0.0003455,0.000347315,0.000350023,0.000352424,0.000355151,0.000357373,0.000359314,0.000362013,0.000364434,0.000366969,0.000369707,0.000372033,0.000374577,0.000377168,0.04627991,0.280144447,0.031285866,-0.241426406,-0.035158394,0.007283866,0.007884271,0.008538699,0.009249391,0.010023074,0.010862531,0.011773171,0.012765009,0.013846033,0.015017488,0.016289027,0.017672117,0.019175986,0.020809271,0.022585149,0.02451852,0.031309249,0.229112164,0.977969781,2.175440628,3.368321293,4.460312288,5.53037482,6.582450342,7.615923495,8.630750732,9.627249756,10.60502355,11.56425655,12.50250886,13.42332999,14.32212973,15.20441541,16.06643715,16.91065944,17.7351912,18.54542476,19.34862505,20.17731266,20.9915929,21.75975797,22.49540351,23.36794815,24.5221524,25.65503634,34.44616836,44.83947015,48.45414661,49.07358015,42.60640529,34.79598362,36.8098804,47.20021334,51.12753717,55.11493208,63.52418029,64.87151095,66.59871706,69.36956061,75.98595604,88.08717016,103.6226676,124.1327703,146.4276362,167.7644507,183.8913796,208.5750572,240.2697552,248.6829352,248.5742357,272.7817428,315.6577938,341.6299466,360.0119188,365.4387954,354.2919871,377.2297712,434.7426617,452.4159492,519.3429305,539.649623,516.9184566,585.4829033,687.3615881
history,scen,World,AR6 climate diagnostics|Emissions|PFC|Unharmonized,kt CF4-equiv/yr,0.010071225,0.010071225,0.010071225,0.010071225,0.010071225,0.010071225,0.010071225,0.010071225,0.010071225,0.010071225,0.010071225,0.010071225,0.010071225,0.010071225,0.010071225,0.010071225,0.010071225,0.010071225,0.010071225,0.010071225,0.010071225,0.010071225,0.010071225,0.010071225,0.010071225,0.010071225,0.010071225,0.010071225,0.010071225,0.010071225,0.010071225,0.010071225,0.010071225,0.010071225,0.010071225,0.010071225,0.010071225,0.010071225,0.010071225,0.010071225,0.010071225,0.010071225,0.010071225,0.010071225,0.010071225,0.010071225,0.010071225,0.010071225,0.010070485,0.010071964,0.010071225,0.010071225,0.010071225,0.010071225,0.010071225,0.010071225,0.010071225,0.010071225,0.010071225,0.010071225,0.010071225,0.010071225,0.010071225,0.010071225,0.010071225,0.010071225,0.010071225,0.010071225,0.010071225,0.010071225,0.010071225,0.010071225,0.010071225,0.010071225,0.010071225,0.010071225,0.010071225,0.010071225,0.010071225,0.010071225,0.010071225,0.010071225,0.010071225,0.010070485,0.010071964,0.010071225,0.010071225,0.010071225,0.010071225,0.010071225,0.010071225,0.010071225,0.010070485,0.010071964,0.010071225,0.010071225,0.010071225,0.010071225,0.010096772,0.010282904,0.010467716,0.010496103,0.010497818,0.010499549,0.0105018,0.010503569,0.010507814,0.010510099,0.01051338,0.010516919,0.011260169,0.01126424,0.010529116,0.010533689,0.010538518,0.011283058,0.011288418,0.010553845,0.010561187,0.011306019,0.011312412,0.010579613,0.011325958,0.011333126,0.011340551,0.011348235,0.011356179,0.01136438,0.011372839,0.011381557,0.011389794,0.012139956,0.012148725,0.011419048,0.011429056,0.012178772,0.012189309,0.012200112,0.012211173,0.01222249,0.012234074,0.012245904,0.012257993,0.013009801,0.013022427,0.012295859,0.013048446,0.013061844,0.013075509,0.013147224,0.032779603,0.056288286,0.060937036,0.068194921,0.085139591,0.111382,0.143485481,0.133921771,0.165418502,0.275987804,0.31771733,0.353681952,0.417206379,0.44164182,0.48159206,0.619732962,0.769309375,0.813380481,0.77370609,0.751307092,0.538497964,0.423234538,0.747289268,1.017434685,1.084807308,1.13906966,1.260415067,1.449280963,1.601486964,1.570794493,1.298056221,0.876424163,0.670567181,0.790110172,1.180730686,1.718966125,2.265483065,2.725055468,3.192805154,3.510560635,4.104262466,5.370080535,7.073684786,6.877480631,3.697478231,1.862516564,2.56613258,3.251541747,3.212181233,3.147044514,3.424139257,3.629200821,3.802459666,3.950860744,3.924563912,3.798888596,3.469112125,3.185056473,3.311761711,3.566665286,3.625439217,3.727906414,3.926881618,4.311612332,4.791309655,5.313894537,6.10717516,6.933783531,8.06196708,9.42109551,10.71516146,12.20077074,14.13409734,16.46394816,16.84852831,16.82799871,18.79470656,19.78933373,20.06231314,21.3442912,21.22163848,19.37748923,18.96904433,19.8116459,18.59166812,17.56535442,18.57672798,19.42666336,19.74385253,19.65975522,18.76859462,17.13681406,16.11528676,15.7459726,15.75130315,15.94927007,16.31231134,16.64704395,16.7713356,16.58361691,15.92732115,16.8657976,18.88109743,18.8781299,16.69223049,15.01961938,14.27684717,12.8059478,12.46004272,13.18690299,13.91067516,14.60610877,13.11897514,11.47413839,13.16331293,14.07864756
